{"tokens": "16278672008 16279503008 16283187001 16283190001 16283193001 16283196001 16283199001 16283202001 16283205001 16283208001 16283211001 16283214001 16283217001 16283220001 16283223001 16283226001 16283229001 16283232001 16283235001 16283238001 16283241001 16283244001 16283247001 16283250001 16283253001 16283256001 16283259001 16283262001 16283265001", "datas": {"Layer0": [0.1319752186536789, 0.17822445929050446, 0.34852126240730286, 0.4310806393623352, 0.3356344401836395, 0.40483996272087097, 0.4218665659427643, 0.3477776050567627, 0.4832928478717804, 0.34480011463165283, 0.4328272342681885, 0.4026387631893158, 0.4694897532463074, 0.45804715156555176, 0.44498497247695923, 0.4366282522678375, 0.4419662058353424, 0.48363956809043884, 0.4572010934352875, 0.4783995449542999, 0.5603561997413635, 0.4885645806789398, 0.47182124853134155, 0.47913455963134766, 0.4584696888923645, 0.5383110642433167, 0.46815943717956543, 0.7172256708145142], "Layer1": [0.4700658321380615, 0.5639591813087463, 0.6747598648071289, 0.6912664771080017, 0.6876411437988281, 0.6591670513153076, 0.7251361608505249, 0.6317574977874756, 0.7396697402000427, 0.6798592805862427, 0.7149472236633301, 0.73738032579422, 0.7467076778411865, 0.6518498659133911, 0.6977052688598633, 0.7527692317962646, 0.7406755089759827, 0.7327049374580383, 0.761802077293396, 0.7078048586845398, 0.7332890033721924, 0.793238639831543, 0.7347935438156128, 0.7667864561080933, 0.6713550686836243, 0.8146743774414062, 0.7516495585441589, 0.8306629657745361], "Layer2": [0.477817177772522, 0.7446850538253784, 0.8067587614059448, 0.730319619178772, 0.7229000926017761, 0.9634320735931396, 0.77604740858078, 0.7080813646316528, 0.9800049662590027, 0.7385485172271729, 0.7258167862892151, 0.8579051494598389, 0.9164960384368896, 0.6568465232849121, 0.7835100889205933, 0.9879796504974365, 0.7651273012161255, 0.8686621189117432, 0.9094758629798889, 0.7322133183479309, 0.852946400642395, 0.9467740654945374, 0.8173495531082153, 0.8236465454101562, 0.8109984397888184, 0.9686311483383179, 0.8409807085990906, 0.8693561553955078], "Layer3": [0.9640130996704102, 0.7929555773735046, 0.8519072532653809, 0.8018534183502197, 0.738808810710907, 0.9821215271949768, 0.9460341334342957, 0.835320234298706, 0.9865463972091675, 0.7513253688812256, 0.7279764413833618, 0.967254638671875, 0.9694666862487793, 0.6592075228691101, 0.8342339396476746, 0.999638020992279, 0.7690237760543823, 0.8811348080635071, 0.9877058863639832, 0.8095300793647766, 0.9719479084014893, 0.9510707855224609, 0.85591059923172, 0.9718064665794373, 0.8245834112167358, 0.9838626384735107, 0.9725536108016968, 0.9097368717193604], "Layer4": [0.9782372713088989, 0.9825884699821472, 0.8621705174446106, 0.8246756196022034, 0.7407452464103699, 0.9984313249588013, 0.9667630791664124, 0.8395302891731262, 0.9998421669006348, 0.7834141254425049, 0.7281787991523743, 0.9995951652526855, 0.9742515087127686, 0.6593983769416809, 0.8472834825515747, 0.9999988675117493, 0.7708120346069336, 0.9185845851898193, 0.9962846040725708, 0.8122571110725403, 0.9997472167015076, 0.9569259881973267, 0.892776370048523, 0.9923733472824097, 0.8616835474967957, 0.9882177114486694, 0.9966330528259277, 0.9439982175827026], "Layer5": [0.9784411787986755, 0.982591986656189, 0.864748477935791, 0.9999643564224243, 0.7408865690231323, 0.9989471435546875, 0.997646152973175, 0.8510732650756836, 0.99991375207901, 0.9713036417961121, 0.7299113273620605, 0.9996118545532227, 0.9999774098396301, 0.6594091653823853, 0.9995054602622986, 0.9999988675117493, 0.9938924312591553, 0.9200732707977295, 0.9999573230743408, 0.8149006962776184, 0.9999868273735046, 0.9661595821380615, 0.9089510440826416, 0.9997327327728271, 0.8636025190353394, 0.9991623759269714, 0.9977207779884338, 0.9667822122573853], "Layer6": [0.9883253574371338, 0.9918410778045654, 0.8972293734550476, 0.9999679923057556, 0.8292986154556274, 0.9997771978378296, 0.9983348250389099, 0.9073485732078552, 0.9999794960021973, 0.9750403165817261, 0.9304237961769104, 0.9998117685317993, 0.9999845623970032, 0.7314815521240234, 0.9999198317527771, 0.9999992251396179, 0.9962872266769409, 0.9692014455795288, 0.9999822974205017, 0.8582403659820557, 0.9999944567680359, 0.9768155217170715, 0.9903344511985779, 0.9997645616531372, 0.9349039793014526, 0.9996744394302368, 0.9980155825614929, 0.9989871978759766], "Layer7": [0.9883446097373962, 0.9999611973762512, 0.9000339508056641, 0.9999684691429138, 0.9999021887779236, 0.9997788667678833, 0.9985607266426086, 0.9989952445030212, 0.9999796152114868, 0.9763688445091248, 0.9998178482055664, 0.9998205900192261, 0.9999845623970032, 1.0, 0.9999198317527771, 0.9999995231628418, 0.9973162412643433, 0.9984976649284363, 0.9999822974205017, 0.999826967716217, 0.9999945163726807, 0.9996017813682556, 0.991074800491333, 0.9998176097869873, 0.9970981478691101, 0.9996770024299622, 0.9999946355819702, 0.9990286231040955]}}