{"tokens": "16278252004 16279932004 16279935004 16279938004 16279941004 16279944004 16279947004 16279950004 16279953004 16279956004 16279959004 16279962004 16279965004 16279968004 16279971004 16279974004 16279977004 16279980004 16280832001 16280835001 16280838001 16280850001 16280853001 16280856001 16280859001 16281168008 16281174008 16281180008 16281183008", "datas": {"Layer0": [0.14354339241981506, 0.39640772342681885, 0.2881126403808594, 0.41784244775772095, 0.3790648579597473, 0.4248102903366089, 0.41693511605262756, 0.451314777135849, 0.38321152329444885, 0.4603872299194336, 0.43784409761428833, 0.3743498623371124, 0.4455089271068573, 0.5344386100769043, 0.407238245010376, 0.5011175870895386, 0.4952377378940582, 0.39722639322280884, 0.45105719566345215, 0.5101677179336548, 0.4993625581264496, 0.4770684838294983, 0.44043871760368347, 0.571966290473938, 0.4506208896636963, 0.45861947536468506, 0.5553838014602661, 0.6616637110710144], "Layer1": [0.36166587471961975, 0.6706712245941162, 0.62617027759552, 0.7262481451034546, 0.6807644367218018, 0.780791163444519, 0.5667953491210938, 0.728055477142334, 0.7178791761398315, 0.7323763966560364, 0.6460974216461182, 0.7676184177398682, 0.7474205493927002, 0.745111882686615, 0.6596614122390747, 0.7296387553215027, 0.6971946954727173, 0.6119952201843262, 0.8819409608840942, 0.6682785153388977, 0.6702983379364014, 0.6666979193687439, 0.7808378338813782, 0.8465050458908081, 0.6093378067016602, 0.7913134098052979, 0.8066349625587463, 0.8238333463668823], "Layer2": [0.36571112275123596, 0.6960863471031189, 0.738908588886261, 0.8650989532470703, 0.8111380338668823, 0.9720001220703125, 0.5744553804397583, 0.7380159497261047, 0.9281929135322571, 0.7817568182945251, 0.6726858615875244, 0.853416919708252, 0.9671266674995422, 0.834094762802124, 0.693419873714447, 0.7341817021369934, 0.6986551880836487, 0.6182094812393188, 0.9999796748161316, 0.6699715256690979, 0.6713446974754333, 0.6762658953666687, 0.9488576650619507, 0.8816016316413879, 0.7077973484992981, 0.9909400939941406, 0.8282120823860168, 0.8641871809959412], "Layer3": [0.5554158687591553, 0.7167130708694458, 0.7834675312042236, 0.945138692855835, 0.913348913192749, 0.9913371205329895, 0.6510645151138306, 0.7730221748352051, 0.9831926822662354, 0.8655020594596863, 0.8663022518157959, 0.9389241337776184, 0.9750180244445801, 0.887249231338501, 0.9569302797317505, 0.8014452457427979, 0.7331061959266663, 0.7293387651443481, 0.9999988675117493, 0.7068124413490295, 0.7193484902381897, 0.9009254574775696, 0.9785214066505432, 0.9194229245185852, 0.8227699398994446, 0.9968207478523254, 0.8833482265472412, 0.9836508631706238], "Layer4": [0.986015796661377, 0.716806173324585, 0.9954454898834229, 0.9534894227981567, 0.91395503282547, 0.9999933242797852, 0.6618836522102356, 0.8053572773933411, 0.9865875244140625, 0.9316710233688354, 0.9784514307975769, 0.9412717819213867, 0.99949049949646, 0.8886717557907104, 0.9606492519378662, 0.9992294311523438, 0.7369368076324463, 0.7305040955543518, 1.0, 0.7147087454795837, 0.719412624835968, 0.9026692509651184, 0.9999274611473083, 0.9258089661598206, 0.841209888458252, 0.9972559213638306, 0.9952946901321411, 0.9871789813041687], "Layer5": [0.9866427779197693, 0.7170218825340271, 0.9956594109535217, 0.9999460577964783, 0.9144886136054993, 0.9999933242797852, 0.9999990463256836, 0.8053677082061768, 0.9996364116668701, 0.9423944354057312, 0.9922984838485718, 0.9553930163383484, 0.9998170137405396, 0.9041849374771118, 0.9985892176628113, 0.9992851614952087, 0.7692136764526367, 0.7625353336334229, 1.0, 0.9952343702316284, 0.719427764415741, 0.9962567687034607, 0.9999436736106873, 0.9495189785957336, 0.8584856390953064, 0.9996699094772339, 0.997395396232605, 0.9903935790061951], "Layer6": [0.9886350035667419, 0.7817745804786682, 0.9975842833518982, 0.9999524354934692, 0.930104672908783, 0.9999997615814209, 0.9999991059303284, 0.8678475618362427, 0.9999697208404541, 0.9452311396598816, 0.9979832768440247, 0.9737895727157593, 0.9999451637268066, 0.9097112417221069, 0.9991694688796997, 0.9994654655456543, 0.8634523153305054, 0.9430317878723145, 1.0, 0.9977526068687439, 0.7891924977302551, 0.9984164237976074, 0.999965250492096, 0.9676386117935181, 0.9250515699386597, 0.9999380111694336, 0.9975810050964355, 0.9997023344039917], "Layer7": [0.988716185092926, 0.9930832982063293, 0.9975926280021667, 0.999952495098114, 0.9999999403953552, 0.9999997615814209, 0.9999991059303284, 0.9999939799308777, 0.9999697208404541, 0.9999081492424011, 0.9980058073997498, 0.9994295835494995, 0.9999452829360962, 0.9999080896377563, 0.9991883635520935, 0.9995833039283752, 0.9358181953430176, 0.9599026441574097, 1.0, 0.9977609515190125, 0.9999493956565857, 0.9984450340270996, 0.9999672770500183, 0.9921514987945557, 0.9731472730636597, 0.9999390244483948, 0.9997923970222473, 0.9998182058334351]}}