{"tokens": "16279062006 16279065006 16279068006 16279071006 16280796001 16280799001 16280802001 16280805001 16280808001 16280811001 16280814001 16280817001 16280820001 16280823001 16280826001 16280829001 16280832001 16280835001 16280838001 16280862001 16280865001 16280871001 16280874001", "datas": {"Layer0": [0.18851664662361145, 0.20381560921669006, 0.4023148715496063, 0.46836763620376587, 0.4373135566711426, 0.4098239243030548, 0.3923022150993347, 0.3876236081123352, 0.4587825834751129, 0.4881025552749634, 0.3717568814754486, 0.40148916840553284, 0.43814289569854736, 0.4901808500289917, 0.4667295813560486, 0.5110669732093811, 0.40439558029174805, 0.5077171921730042, 0.48231983184814453, 0.5502892136573792, 0.4667930603027344, 0.6225178837776184], "Layer1": [0.4309390187263489, 0.47934186458587646, 0.612381637096405, 0.7045971751213074, 0.6732398271560669, 0.7337944507598877, 0.7727625966072083, 0.6269928216934204, 0.6735455989837646, 0.8154563903808594, 0.6007354259490967, 0.7144613265991211, 0.737496018409729, 0.740821123123169, 0.7755017280578613, 0.7431797385215759, 0.6328390836715698, 0.6829918622970581, 0.639374852180481, 0.8626452684402466, 0.7120946645736694, 0.8894691467285156], "Layer2": [0.4326344132423401, 0.6470575928688049, 0.8010094165802002, 0.7239454984664917, 0.8002322316169739, 0.8616054654121399, 0.8257350921630859, 0.729304313659668, 0.9305904507637024, 0.8527083992958069, 0.6082287430763245, 0.9633926153182983, 0.863985002040863, 0.7690716981887817, 0.9415315985679626, 0.8309293389320374, 0.6490834951400757, 0.6835012435913086, 0.6632773876190186, 0.9057831764221191, 0.8105772733688354, 0.9925721287727356], "Layer3": [0.45505601167678833, 0.7315167188644409, 0.9785705208778381, 0.8174138069152832, 0.8907448649406433, 0.9058937430381775, 0.8648287653923035, 0.8040459156036377, 0.9688895344734192, 0.9581916332244873, 0.7237937450408936, 0.9838840365409851, 0.929558277130127, 0.8757176995277405, 0.9703254699707031, 0.9201170206069946, 0.8966070413589478, 0.7170116305351257, 0.7447257041931152, 0.9688659906387329, 0.9106844663619995, 0.9975981712341309], "Layer4": [0.4573824405670166, 0.9640384316444397, 0.9880152344703674, 0.8273165822029114, 0.8907927870750427, 0.9999958276748657, 0.8660261034965515, 0.8043714761734009, 0.9999598860740662, 0.9602947235107422, 0.7238224744796753, 0.9999777674674988, 0.9331793785095215, 0.8779173493385315, 0.9991921186447144, 0.9212270975112915, 0.9997666478157043, 0.7224082350730896, 0.7463714480400085, 0.971677839756012, 0.9992998242378235, 0.9978057742118835], "Layer5": [0.4573996067047119, 0.9763638973236084, 0.9992458820343018, 0.8273258805274963, 0.9999578595161438, 0.9999958872795105, 0.9862028956413269, 0.8096426725387573, 0.9999608993530273, 0.9999845623970032, 0.7238918542861938, 0.9999778270721436, 0.999999463558197, 0.8779333233833313, 0.9995205402374268, 0.9464880228042603, 0.9998483061790466, 0.9795494079589844, 0.7472248673439026, 0.9889008402824402, 0.9995293617248535, 0.9998036026954651], "Layer6": [0.48744434118270874, 0.9893537759780884, 0.9994828701019287, 0.9115692377090454, 0.9999855756759644, 0.9999960064888, 0.9970038533210754, 0.9016308784484863, 0.9999738335609436, 0.9999926686286926, 0.8666814565658569, 0.9999915361404419, 0.999999463558197, 0.9058865308761597, 0.999973475933075, 0.9519222378730774, 0.9998695850372314, 0.9976730942726135, 0.8313874006271362, 0.995025098323822, 0.9997081160545349, 0.9999438524246216], "Layer7": [0.5270982384681702, 0.9893548488616943, 0.9995036125183105, 0.996661365032196, 0.9999856948852539, 0.9999998807907104, 0.9970489740371704, 0.9996091723442078, 0.9999754428863525, 0.9999926686286926, 0.9999995231628418, 0.9999915361404419, 0.999999463558197, 0.9999916553497314, 0.999973475933075, 0.9999479651451111, 0.9998742341995239, 0.9977089762687683, 0.984428346157074, 0.996921181678772, 0.9997341632843018, 0.9999986886978149]}}