{"tokens": "16279902004 16279905004 16279908004 16279911004 16279914004 16279917004 16279920004 16279923004 16279926004 16279929004 16279932004 16279935004 16279938004 16279941004 16279944004 16279947004 16279950004 16279953004 16279956004 16279959004 16279962004 16279965004 16279968004 16279971004 16279974004 16279977004", "datas": {"Layer0": [0.22835949063301086, 0.24025991559028625, 0.38631007075309753, 0.4585798680782318, 0.4031953513622284, 0.4115237891674042, 0.4655522108078003, 0.3684885501861572, 0.3191875219345093, 0.5123749375343323, 0.5001725554466248, 0.45049989223480225, 0.4884212911128998, 0.47768160700798035, 0.35262665152549744, 0.5083658695220947, 0.4736291170120239, 0.41532379388809204, 0.5088669061660767, 0.5599366426467896, 0.42270421981811523, 0.4785797595977783, 0.5379514694213867, 0.47640693187713623, 0.6931923627853394], "Layer1": [0.6320333480834961, 0.5493905544281006, 0.6248147487640381, 0.7456704378128052, 0.6393341422080994, 0.6835713386535645, 0.783094048500061, 0.6860908269882202, 0.6992230415344238, 0.7173340916633606, 0.7170352339744568, 0.7063623666763306, 0.8107541799545288, 0.693048357963562, 0.7696883678436279, 0.6605467796325684, 0.7029066681861877, 0.7602616548538208, 0.7468349933624268, 0.7680404186248779, 0.7457643747329712, 0.7634233236312866, 0.720558762550354, 0.6729261875152588, 0.8987022042274475], "Layer2": [0.7415242791175842, 0.5687242746353149, 0.6817744374275208, 0.8108699917793274, 0.7258360385894775, 0.8833222985267639, 0.8386190533638, 0.8666825890541077, 0.9353138208389282, 0.7482556700706482, 0.7197937965393066, 0.7506777048110962, 0.8839530944824219, 0.7950674891471863, 0.9844286441802979, 0.6656216382980347, 0.7140040397644043, 0.9841307997703552, 0.815329909324646, 0.7844548225402832, 0.8229334354400635, 0.9648359417915344, 0.8428910374641418, 0.7415066361427307, 0.9041021466255188], "Layer3": [0.7799063920974731, 0.658699095249176, 0.8669388890266418, 0.9158802628517151, 0.7986345887184143, 0.9339098930358887, 0.9215078353881836, 0.9308223128318787, 0.9823529720306396, 0.8482165336608887, 0.7701119780540466, 0.8194358348846436, 0.941723644733429, 0.9049029350280762, 0.9961014986038208, 0.7306833267211914, 0.7517770528793335, 0.9952794909477234, 0.8824923634529114, 0.9421097040176392, 0.8986451625823975, 0.9762019515037537, 0.8922392129898071, 0.9505280256271362, 0.9502213597297668], "Layer4": [0.7801849246025085, 0.6593308448791504, 0.9998293519020081, 0.9169785380363464, 0.8136335015296936, 0.999798595905304, 0.9216092228889465, 0.9310328364372253, 0.9999991059303284, 0.8496405482292175, 0.7709165811538696, 0.997174859046936, 0.9515566825866699, 0.90555739402771, 0.9999948143959045, 0.7407706379890442, 0.8072183132171631, 0.9968277215957642, 0.9356864094734192, 0.991792619228363, 0.9022197127342224, 0.9992749691009521, 0.8957207798957825, 0.9867755174636841, 0.9832820892333984], "Layer5": [0.8020638823509216, 0.6593736410140991, 0.9998620748519897, 0.9979119300842285, 0.8315073251724243, 0.999887228012085, 0.9238502979278564, 0.9967418313026428, 0.9999991059303284, 0.9999786019325256, 0.7709701061248779, 0.9973006248474121, 0.9999508857727051, 0.9058690071105957, 0.9999948143959045, 0.9999992251396179, 0.8072282075881958, 0.9999284148216248, 0.9447110295295715, 0.9974432587623596, 0.9249229431152344, 0.9996815919876099, 0.9075945019721985, 0.9994719624519348, 0.9870267510414124], "Layer6": [0.8047845363616943, 0.6890532374382019, 0.9999138116836548, 0.9987990856170654, 0.8909192681312561, 0.9999836087226868, 0.9370034337043762, 0.9984726309776306, 0.9999995231628418, 0.999982476234436, 0.915726900100708, 0.9993174076080322, 0.9999561905860901, 0.9274397492408752, 0.9999997615814209, 0.9999992847442627, 0.8659561276435852, 0.999994158744812, 0.9469650387763977, 0.9991931319236755, 0.9605984687805176, 0.9999116659164429, 0.9129467606544495, 0.9995774030685425, 0.9997115135192871], "Layer7": [0.8048262596130371, 0.9999785423278809, 0.9999138116836548, 0.9989709258079529, 0.9987095594406128, 0.9999836087226868, 0.9999004602432251, 0.9985552430152893, 0.9999995231628418, 0.9999826550483704, 0.9999885559082031, 0.9993196129798889, 0.9999562501907349, 0.9999998211860657, 0.9999997615814209, 0.9999992847442627, 0.9999953508377075, 0.999994158744812, 0.9999625086784363, 0.9991990327835083, 0.9990499019622803, 0.9999118447303772, 0.9999213218688965, 0.9995842576026917, 0.9999709129333496]}}