{"tokens": "16278246004 16280760007 16280763007 16280766007 16280769007 16280772007 16280775007 16280778007 16280781007 16280784007 16280787007 16280790007 16280793007 16280796007 16280799007 16280850007 16280853007 16280856007 16280862007 16280865007 16280868007 16280871007 16280874007 16280877007 16280880007 16280883007 16280886007 16280889007 16283256006", "datas": {"Layer0": [0.1740424484014511, 0.2913903594017029, 0.34471383690834045, 0.2732645869255066, 0.5014686584472656, 0.43456971645355225, 0.4017685353755951, 0.42414557933807373, 0.42393678426742554, 0.436196506023407, 0.4040377736091614, 0.42522335052490234, 0.5323392748832703, 0.38583147525787354, 0.4867709279060364, 0.5243568420410156, 0.4971925914287567, 0.3700035810470581, 0.4168500304222107, 0.5556590557098389, 0.49636730551719666, 0.4970375895500183, 0.42912498116493225, 0.512691855430603, 0.5182290077209473, 0.4805621802806854, 0.3595671057701111, 0.8313586711883545], "Layer1": [0.30262047052383423, 0.7123867869377136, 0.6948114633560181, 0.5663062930107117, 0.7683990001678467, 0.7247390747070312, 0.7214256525039673, 0.5801454782485962, 0.6763365268707275, 0.7261583805084229, 0.8052017688751221, 0.6327349543571472, 0.7859176397323608, 0.7289506793022156, 0.6692755818367004, 0.8186516165733337, 0.694488525390625, 0.47177231311798096, 0.8308248519897461, 0.7905701398849487, 0.6888967752456665, 0.7710487842559814, 0.747909426689148, 0.7371107339859009, 0.7741272449493408, 0.7315608263015747, 0.7521566152572632, 0.8881734013557434], "Layer2": [0.3131372630596161, 0.8949811458587646, 0.7982598543167114, 0.6766124367713928, 0.8641765713691711, 0.8283941149711609, 0.9478815793991089, 0.6336691379547119, 0.686538577079773, 0.759517252445221, 0.8364180326461792, 0.7175265550613403, 0.9232526421546936, 0.9145607948303223, 0.7979395985603333, 0.8779963850975037, 0.701007068157196, 0.529524028301239, 0.9292381405830383, 0.866224467754364, 0.8134106397628784, 0.8191256523132324, 0.776403546333313, 0.8911152482032776, 0.9233484268188477, 0.808259129524231, 0.9668537378311157, 0.8949295282363892], "Layer3": [0.5227526426315308, 0.9480750560760498, 0.8068243861198425, 0.734573245048523, 0.9690602421760559, 0.9151225686073303, 0.9767004251480103, 0.7085667848587036, 0.7165168523788452, 0.9276183843612671, 0.9059139490127563, 0.8098538517951965, 0.9752464294433594, 0.9358081221580505, 0.9027227759361267, 0.9778039455413818, 0.737456202507019, 0.5938351154327393, 0.9651134014129639, 0.9328333735466003, 0.9503607749938965, 0.8823128342628479, 0.7924363017082214, 0.9196831583976746, 0.9926862716674805, 0.8184073567390442, 0.9937136173248291, 0.9550752639770508], "Layer4": [0.9208471775054932, 0.9643970727920532, 0.8099598288536072, 0.9972668290138245, 0.972786009311676, 0.9157132506370544, 0.9999828338623047, 0.7183204889297485, 0.7175270318984985, 0.9839529395103455, 0.9507662057876587, 0.9313250780105591, 0.9796034693717957, 0.9398324489593506, 0.9833290576934814, 0.9886935949325562, 0.820708155632019, 0.6411023736000061, 0.973721444606781, 0.9601114392280579, 0.9952208995819092, 0.8915548920631409, 0.8067472577095032, 0.9909918308258057, 0.9957815408706665, 0.8325769901275635, 0.9939976930618286, 0.9999485611915588], "Layer5": [0.9240360260009766, 0.9995373487472534, 0.8104525804519653, 0.9974411129951477, 0.9998615384101868, 0.9212220907211304, 0.9999829530715942, 0.9999713897705078, 0.7175359725952148, 0.9864694476127625, 0.9993709921836853, 0.9323113560676575, 0.9856480360031128, 0.9923807978630066, 0.9869592785835266, 0.9947533011436462, 0.9517560005187988, 0.6647561192512512, 0.9916796088218689, 0.9837324023246765, 0.9962270259857178, 0.9903708100318909, 0.8076601624488831, 0.9945574998855591, 0.9996419548988342, 0.8342822194099426, 0.9950734972953796, 0.9999991655349731], "Layer6": [0.9937148690223694, 0.9995768666267395, 0.8369070887565613, 0.9993143081665039, 0.9998899698257446, 0.9397500157356262, 0.9999961256980896, 0.9999797940254211, 0.8326113224029541, 0.9982070326805115, 0.9994329214096069, 0.9571014642715454, 0.9912234544754028, 0.9968473315238953, 0.9932680726051331, 0.9964960813522339, 0.9819703102111816, 0.8913087844848633, 0.9944354295730591, 0.9851649403572083, 0.9989990592002869, 0.9935081601142883, 0.92197185754776, 0.9980232119560242, 0.9997121691703796, 0.8627266883850098, 0.9985427856445312, 0.9999997615814209], "Layer7": [0.9950156211853027, 0.9995782971382141, 0.9999182820320129, 0.9993258118629456, 0.9998936057090759, 0.9999420642852783, 0.9999961853027344, 0.9999797940254211, 0.9999998807907104, 0.9982072114944458, 0.9994570016860962, 0.9998015761375427, 0.991805374622345, 0.9973651766777039, 0.9987596273422241, 0.998339056968689, 0.9832723736763, 0.9792518019676208, 0.9969409108161926, 0.9905987977981567, 0.9990942478179932, 0.9937402606010437, 0.9999170303344727, 0.9980292320251465, 0.9997439384460449, 0.9987767338752747, 0.9985599517822266, 1.0]}}