{"tokens": "16277775006 16277841001 16277844001 16278147001 16278978004 16278981004 16279983005 16279986005 16282860004 16282863004 16282866004 16282869004 16282872004 16282875004 16282878004 16282881004 16282884004 16282887004 16282890004 16282893004 16282896004 16282899004 16283031004 16283034004 16283046008", "datas": {"Layer0": [0.167945995926857, 0.36435920000076294, 0.3003205955028534, 0.34687885642051697, 0.4211704730987549, 0.36113306879997253, 0.5359573364257812, 0.3269699215888977, 0.28568118810653687, 0.4698325991630554, 0.48732301592826843, 0.45427894592285156, 0.5029126405715942, 0.473316490650177, 0.4641813337802887, 0.41065531969070435, 0.44245362281799316, 0.4661776125431061, 0.5560104250907898, 0.4665919244289398, 0.5351342558860779, 0.47620755434036255, 0.41683152318000793, 0.7321291565895081], "Layer1": [0.311642587184906, 0.8844570517539978, 0.5053533911705017, 0.6568298935890198, 0.5114490985870361, 0.7531316876411438, 0.6977133750915527, 0.6233564615249634, 0.7719589471817017, 0.7256985902786255, 0.6945385336875916, 0.7638810873031616, 0.7569680213928223, 0.687412440776825, 0.7519441843032837, 0.7393840551376343, 0.689382791519165, 0.7214733362197876, 0.7772055864334106, 0.7013788223266602, 0.8014979958534241, 0.6430929899215698, 0.9039609432220459, 0.765386700630188], "Layer2": [0.31287962198257446, 0.9004529714584351, 0.5244942307472229, 0.6671668291091919, 0.5130946636199951, 0.9689444899559021, 0.6980038285255432, 0.6234251856803894, 0.9895082712173462, 0.8040598630905151, 0.6984464526176453, 0.8065499663352966, 0.9922236204147339, 0.733087956905365, 0.7985100746154785, 0.9817234873771667, 0.7406258583068848, 0.7391125559806824, 0.8707852959632874, 0.7536568641662598, 0.8193562030792236, 0.6940415501594543, 0.9989761710166931, 0.7713427543640137], "Layer3": [0.42441844940185547, 0.90467369556427, 0.5810781121253967, 0.9312132596969604, 0.603743851184845, 0.9819212555885315, 0.9585732817649841, 0.6406670212745667, 0.999599277973175, 0.8397371768951416, 0.7049614787101746, 0.844460666179657, 0.9998404383659363, 0.7454429864883423, 0.8020325303077698, 0.9921621084213257, 0.934836745262146, 0.835089385509491, 0.9137549996376038, 0.8109354972839355, 0.8359437584877014, 0.9788685441017151, 0.9993376135826111, 0.7758501172065735], "Layer4": [0.6352753639221191, 0.9091114401817322, 0.6454465389251709, 0.9878745079040527, 0.6109148859977722, 0.9936366677284241, 0.9753840565681458, 0.6637155413627625, 0.999821126461029, 0.873418927192688, 0.7055070400238037, 0.8468347191810608, 1.0, 0.7463859915733337, 0.8058326244354248, 0.9999201893806458, 0.9402993321418762, 0.8629410862922668, 0.9952315092086792, 0.8567790985107422, 0.8376464247703552, 0.999581515789032, 0.9994605779647827, 0.7837858200073242], "Layer5": [0.6757871508598328, 0.9208458662033081, 0.6634082198143005, 0.9904659986495972, 0.7840840220451355, 0.9970119595527649, 0.9939430952072144, 0.6685550212860107, 0.9998399615287781, 0.9989641904830933, 0.7057026624679565, 0.999522864818573, 1.0, 0.999814510345459, 0.8058474659919739, 0.9999338388442993, 0.9990143775939941, 0.8667527437210083, 0.9961350560188293, 0.9963424205780029, 0.8477162718772888, 0.9996635317802429, 0.999931275844574, 0.824655294418335], "Layer6": [0.7294212579727173, 0.9628781676292419, 0.6947401165962219, 0.9978956580162048, 0.7874777913093567, 0.9986382126808167, 0.9985743761062622, 0.6933784484863281, 0.999987006187439, 0.9990600943565369, 0.824916660785675, 0.9997097253799438, 1.0, 0.9998496174812317, 0.8937135934829712, 0.9999848008155823, 0.9990875124931335, 0.8911714553833008, 0.9997308254241943, 0.9967159032821655, 0.9027417898178101, 0.9998130798339844, 0.9999717473983765, 0.9544785022735596], "Layer7": [0.7327740788459778, 0.9659547209739685, 0.9466433525085449, 0.9981027841567993, 0.8219798803329468, 0.9986748099327087, 0.998612642288208, 0.9813259840011597, 0.9999908208847046, 0.9990979433059692, 0.999026894569397, 0.9997291564941406, 1.0, 0.9998502135276794, 0.999986469745636, 0.999984860420227, 0.9992114305496216, 0.9987924098968506, 0.999733030796051, 0.9981695413589478, 0.9860639572143555, 0.999843955039978, 0.99997878074646, 0.997809886932373]}}