{"tokens": "16279665004 16279668004 16279671004 16279692004 16279716004 16279719004 16279725004 16279734004 16279746004 16279749004 16279767004 16281372004 16281375004 16281378004 16281381004 16281384004 16281387004 16281390004 16281393004 16281396004 16281399004 16281402004 16281405004 16281408004 16281411004 16281414004 16281417004 16281420004 16281423004", "datas": {"Layer0": [0.15897753834724426, 0.23960570991039276, 0.32403409481048584, 0.267720490694046, 0.3406197130680084, 0.5261261463165283, 0.3984582722187042, 0.40966999530792236, 0.4549541771411896, 0.4840869903564453, 0.49426376819610596, 0.41454648971557617, 0.4382579028606415, 0.4438817799091339, 0.42924028635025024, 0.47633206844329834, 0.3580610156059265, 0.529020369052887, 0.4903958737850189, 0.48614177107810974, 0.4121178388595581, 0.5757543444633484, 0.4700086712837219, 0.4741995930671692, 0.49134084582328796, 0.4718378782272339, 0.5124089121818542, 0.6995300650596619], "Layer1": [0.5796500444412231, 0.6057723760604858, 0.6211370825767517, 0.5442084670066833, 0.7564762830734253, 0.7714868783950806, 0.6637392640113831, 0.6820873022079468, 0.7855170965194702, 0.5659154653549194, 0.6970953941345215, 0.844100832939148, 0.6744346618652344, 0.7026009559631348, 0.7402845025062561, 0.7348244786262512, 0.6798703670501709, 0.7825032472610474, 0.7216513752937317, 0.7403925657272339, 0.6824585199356079, 0.826956033706665, 0.6956366300582886, 0.7173177003860474, 0.7792876958847046, 0.7792961001396179, 0.7287543416023254, 0.80478835105896], "Layer2": [0.5918197631835938, 0.6123185157775879, 0.6268310546875, 0.6413947343826294, 0.9827169179916382, 0.840483546257019, 0.6723434925079346, 0.8935463428497314, 0.9408293962478638, 0.5659835934638977, 0.7056316137313843, 0.9554265141487122, 0.7654297947883606, 0.9319255352020264, 0.8704818487167358, 0.7499635219573975, 0.8580405116081238, 0.9608194828033447, 0.7535384893417358, 0.7869325876235962, 0.7992584705352783, 0.9360621571540833, 0.7273605465888977, 0.7475823163986206, 0.9449223279953003, 0.9234809279441833, 0.7526974678039551, 0.8079160451889038], "Layer3": [0.6530165076255798, 0.7372772693634033, 0.6649653315544128, 0.9010830521583557, 0.9889874458312988, 0.9196361303329468, 0.8412356376647949, 0.9520800709724426, 0.978260338306427, 0.6215332746505737, 0.7419858574867249, 0.9995813369750977, 0.7724588513374329, 0.9788175821304321, 0.9067597389221191, 0.7524738907814026, 0.9162629842758179, 0.9906548261642456, 0.8766415119171143, 0.862971842288971, 0.8752890825271606, 0.9790710210800171, 0.7712755799293518, 0.780266523361206, 0.9619479179382324, 0.9627273678779602, 0.9495986700057983, 0.8700857162475586], "Layer4": [0.6812200546264648, 0.7437155246734619, 0.6737660765647888, 0.9152318835258484, 0.9957374334335327, 0.98271244764328, 0.8417382836341858, 0.9541453123092651, 0.9999790787696838, 0.6222006678581238, 0.7491440176963806, 0.9999991655349731, 0.7727262377738953, 0.9968912601470947, 0.9552717804908752, 0.7600193023681641, 0.9379401803016663, 0.9923462271690369, 0.9972558617591858, 0.8741902112960815, 0.8773128390312195, 0.9999229907989502, 0.7882161736488342, 0.8081356287002563, 0.9953880310058594, 0.9635135531425476, 0.9952455759048462, 0.9229979515075684], "Layer5": [0.6812305450439453, 0.9998564124107361, 0.6741093993186951, 0.9819358587265015, 0.9972617030143738, 0.9967572689056396, 0.8419466018676758, 0.9998015761375427, 0.9999805092811584, 0.6527053117752075, 0.7516072988510132, 1.0, 0.7729300260543823, 0.997168779373169, 0.999819815158844, 0.760066032409668, 0.9962853193283081, 0.9944331049919128, 0.9980942010879517, 0.9809129238128662, 0.879000186920166, 0.9999528527259827, 0.9828517436981201, 0.810595691204071, 0.9968934059143066, 0.9951063990592957, 0.9964195489883423, 0.9832166433334351], "Layer6": [0.6904793977737427, 0.9998699426651001, 0.7749186754226685, 0.9952022433280945, 0.9979006052017212, 0.997523844242096, 0.9678571224212646, 0.999900758266449, 0.9999828338623047, 0.7646722793579102, 0.9355058670043945, 1.0, 0.7960970401763916, 0.9995604753494263, 0.9998531937599182, 0.8551498651504517, 0.9995487928390503, 0.9948290586471558, 0.9997906684875488, 0.9856330752372742, 0.9455146789550781, 0.999975323677063, 0.9890428781509399, 0.8981629014015198, 0.9992193579673767, 0.9962623119354248, 0.9974177479743958, 0.998981773853302], "Layer7": [0.6939709186553955, 0.9998714327812195, 0.99961256980896, 0.9952200055122375, 0.9999831914901733, 0.9975475072860718, 0.99986332654953, 0.9999009966850281, 0.9999848008155823, 0.8191909790039062, 0.9694843888282776, 1.0, 0.9997604489326477, 0.9995636940002441, 0.9998536109924316, 0.9999161958694458, 0.9995503425598145, 0.9999496340751648, 0.9997932314872742, 0.9894022941589355, 0.99785315990448, 0.9999760389328003, 0.9908894300460815, 0.998274564743042, 0.999228835105896, 0.997880756855011, 0.9996986985206604, 0.9991164803504944]}}