{"tokens": "16280802007 16281669004 16281672004 16282548005 16282887006 16282890006 16282893004 16282896004 16282899004 16282902004 16282905004 16282908004 16282911004 16283046006 16283163001 16283166001 16283169001 16283172001 16283175001 16283178001 16283181001 16283184001 16283187001 16283190001 16283193001", "datas": {"Layer0": [0.1273772120475769, 0.30092185735702515, 0.3185776472091675, 0.3013114929199219, 0.3780016601085663, 0.5631104111671448, 0.4596047103404999, 0.3822180926799774, 0.41131067276000977, 0.4012663662433624, 0.4864739775657654, 0.5062798261642456, 0.4666040241718292, 0.4697086215019226, 0.3958539664745331, 0.4624286890029907, 0.5020716190338135, 0.4926126301288605, 0.4630495011806488, 0.4386192858219147, 0.5113708972930908, 0.530243992805481, 0.4909195005893707, 0.6654733419418335], "Layer1": [0.3651684522628784, 0.5329839587211609, 0.6656675934791565, 0.6771432161331177, 0.6252882480621338, 0.6545886993408203, 0.7596707344055176, 0.6821950674057007, 0.7912806868553162, 0.702523946762085, 0.6603661179542542, 0.8626313209533691, 0.5668686032295227, 0.5592861771583557, 0.8245276212692261, 0.7783112525939941, 0.6962636113166809, 0.7188167572021484, 0.8048160076141357, 0.6195900440216064, 0.6721172332763672, 0.7794103622436523, 0.8290736079216003, 0.8558810353279114], "Layer2": [0.38926589488983154, 0.5352373123168945, 0.7053269743919373, 0.9947108626365662, 0.6589223742485046, 0.6575806140899658, 0.8227078318595886, 0.7252026200294495, 0.9943169355392456, 0.757507860660553, 0.6781091094017029, 0.9873021841049194, 0.5944663286209106, 0.5609798431396484, 0.90949547290802, 0.9722458124160767, 0.7015970349311829, 0.724114716053009, 0.9725041389465332, 0.7605955004692078, 0.7072967886924744, 0.8042395710945129, 0.9962457418441772, 0.8811500072479248], "Layer3": [0.7465723156929016, 0.6094937920570374, 0.8784289360046387, 0.9984820485115051, 0.6861790418624878, 0.6643950343132019, 0.9512916803359985, 0.7671065926551819, 0.9974228739738464, 0.9581798911094666, 0.6835618019104004, 0.9965018630027771, 0.8087782263755798, 0.5703608393669128, 0.9223865866661072, 0.9996231198310852, 0.7259006500244141, 0.7245723009109497, 0.9749608039855957, 0.9984085559844971, 0.7281588912010193, 0.808077871799469, 0.9998046159744263, 0.9174492955207825], "Layer4": [0.9098666310310364, 0.6234782934188843, 0.9608158469200134, 0.9994397759437561, 0.7624849677085876, 0.6859949827194214, 0.998953104019165, 0.7688488960266113, 0.9975306987762451, 0.9999631643295288, 0.684217631816864, 0.9970167875289917, 0.9888901710510254, 0.6231624484062195, 0.9224949479103088, 0.9999998807907104, 0.7327335476875305, 0.7248963713645935, 0.9751195907592773, 0.9999999403953552, 0.7284820675849915, 0.8082101941108704, 1.0, 0.9179897904396057], "Layer5": [0.9101620316505432, 0.6726781725883484, 0.9664214849472046, 0.9999039173126221, 0.8764234781265259, 0.6875566840171814, 0.9999988675117493, 0.7696613669395447, 0.9997966289520264, 0.9999654293060303, 0.9959118366241455, 0.9970957636833191, 0.9944552183151245, 0.6246711015701294, 0.9751839637756348, 0.9999998807907104, 0.9999581575393677, 0.7249050736427307, 0.9999802112579346, 0.9999999403953552, 0.9999176859855652, 0.8082224726676941, 1.0, 0.9993234276771545], "Layer6": [0.9452059268951416, 0.8883740901947021, 0.9768661260604858, 0.9999445676803589, 0.9074639081954956, 0.7978315353393555, 0.9999995827674866, 0.878311038017273, 0.9998388886451721, 0.9999915361404419, 0.9967034459114075, 0.9982121586799622, 0.9977933168411255, 0.8910336494445801, 0.9821997880935669, 0.9999999403953552, 0.999965488910675, 0.9201943874359131, 0.9999892115592957, 0.9999999403953552, 0.9999644160270691, 0.9400138854980469, 1.0, 0.9999845623970032], "Layer7": [0.9508288502693176, 0.9178845882415771, 0.9855391979217529, 0.9999603629112244, 0.9280559420585632, 0.993852972984314, 0.9999995827674866, 0.9977028965950012, 0.9998655915260315, 0.9999916553497314, 0.9974931478500366, 0.9994875192642212, 0.9984307289123535, 0.965259313583374, 0.9939002990722656, 0.9999999403953552, 0.999965488910675, 1.0, 0.9999892115592957, 1.0, 0.9999653100967407, 0.9999716877937317, 1.0, 0.9999999403953552]}}