{"tokens": "16283184001 16283187001 16283190001 16283193001 16283196001 16283199001 16283202001 16283205001 16283208001 16283211001 16283214001 16283217001 16283220001 16283223001 16283226001 16283229001 16283232001 16283235001 16283238001 16283241001 16283244001 16283247001 16283250001 16283253001 16283256001 16283259001 16283262001", "datas": {"Layer0": [0.18057818710803986, 0.25086644291877747, 0.4448428750038147, 0.30303487181663513, 0.29334935545921326, 0.40617892146110535, 0.3663671314716339, 0.48213425278663635, 0.36666157841682434, 0.4200649857521057, 0.40847069025039673, 0.45160841941833496, 0.4658565819263458, 0.48211824893951416, 0.4235019385814667, 0.43204885721206665, 0.5277796983718872, 0.41613730788230896, 0.4380650222301483, 0.5800010561943054, 0.49222657084465027, 0.4560569226741791, 0.4922809898853302, 0.45511776208877563, 0.5489600300788879, 0.6617321968078613], "Layer1": [0.4169044494628906, 0.6533085703849792, 0.659018337726593, 0.6923626661300659, 0.6474255323410034, 0.6771607398986816, 0.6416311264038086, 0.6998430490493774, 0.6813371777534485, 0.7175769209861755, 0.7544839382171631, 0.728236734867096, 0.6752897500991821, 0.7215345501899719, 0.7522704005241394, 0.729861319065094, 0.7410241961479187, 0.734282374382019, 0.7298139333724976, 0.7650336623191833, 0.7499731779098511, 0.7068907022476196, 0.7845930457115173, 0.6789121627807617, 0.8262178897857666, 0.8514920473098755], "Layer2": [0.4382196068763733, 0.6850638389587402, 0.6814162135124207, 0.7332336902618408, 0.9768867492675781, 0.7165916562080383, 0.692737340927124, 0.9752464294433594, 0.7510552406311035, 0.7271258234977722, 0.8698527812957764, 0.9139394164085388, 0.6788538098335266, 0.7789003849029541, 0.9924713969230652, 0.7531465888023376, 0.8489627838134766, 0.9553380608558655, 0.7628535032272339, 0.847588300704956, 0.8894569873809814, 0.8230496048927307, 0.8191944360733032, 0.7387521266937256, 0.9630089998245239, 0.9402328729629517], "Layer3": [0.5627789497375488, 0.8573238253593445, 0.7417314052581787, 0.7513059377670288, 0.9901435375213623, 0.9197492599487305, 0.8290182948112488, 0.9833224415779114, 0.7624568939208984, 0.7288833260536194, 0.9683241248130798, 0.9699628353118896, 0.6804011464118958, 0.8467470407485962, 0.999624490737915, 0.7560598850250244, 0.8607978224754333, 0.9924185872077942, 0.8341091871261597, 0.9746350646018982, 0.8993291258811951, 0.878939151763916, 0.9702945947647095, 0.7616528868675232, 0.9750281572341919, 0.9964949488639832], "Layer4": [0.5635002255439758, 0.9994202852249146, 0.7640973329544067, 0.755277693271637, 0.9994052052497864, 0.945695698261261, 0.832356870174408, 0.999839723110199, 0.7901840209960938, 0.7290152907371521, 0.999494731426239, 0.9753052592277527, 0.6805645823478699, 0.8624391555786133, 0.9999980330467224, 0.7576780319213867, 0.9086843729019165, 0.9976605772972107, 0.8371019959449768, 0.9997377395629883, 0.9114177227020264, 0.9221614599227905, 0.9911702871322632, 0.8084046840667725, 0.9875526428222656, 0.9986718893051147], "Layer5": [0.5635566711425781, 0.9994459748268127, 0.9997639656066895, 0.7553849816322327, 0.9995772242546082, 0.9967302680015564, 0.8471227288246155, 0.9999105930328369, 0.9718896746635437, 0.7297748327255249, 0.9995124340057373, 0.999984622001648, 0.6805746555328369, 0.9992220401763916, 0.9999980926513672, 0.9874775409698486, 0.910709798336029, 0.9999728798866272, 0.8397679924964905, 0.9999904632568359, 0.9265255928039551, 0.9350302219390869, 0.9995900392532349, 0.8116326332092285, 0.9995540380477905, 0.9989838600158691], "Layer6": [0.5892290472984314, 0.9996042847633362, 0.9998067617416382, 0.856469452381134, 0.999897837638855, 0.9977776408195496, 0.9027456641197205, 0.9999796152114868, 0.9757034182548523, 0.9358714818954468, 0.9997621178627014, 0.9999884963035583, 0.7543439865112305, 0.9998601078987122, 0.9999987483024597, 0.9923686981201172, 0.9669097661972046, 0.9999889731407166, 0.8717101812362671, 0.9999957084655762, 0.9486026167869568, 0.9939993023872375, 0.9996473789215088, 0.9085679054260254, 0.9996846914291382, 0.9998980760574341], "Layer7": [0.6264117360115051, 0.9996077418327332, 0.9998100996017456, 0.9999099373817444, 0.9998986721038818, 0.9980713725090027, 0.9988993406295776, 0.9999797940254211, 0.9774571061134338, 0.999717116355896, 0.9997754693031311, 0.9999884963035583, 1.0, 0.9998601078987122, 0.9999990463256836, 0.9958243370056152, 0.995974063873291, 0.9999889731407166, 0.9998466372489929, 0.9999957084655762, 0.9992694854736328, 0.9943428039550781, 0.9997166395187378, 0.9959831833839417, 0.9996932744979858, 0.9999989867210388]}}