{"tokens": "16280832001 16280835001 16280838001 16281489004 16281492004 16283046001 16283055001 16283058001 16283061001 16283064001 16283067001 16283091004 16283094004 16283097004 16283103001 16283106001 16283109001 16283112001 16283115001 16283124001 16283127001", "datas": {"Layer0": [0.22057873010635376, 0.350635290145874, 0.3170611262321472, 0.2937260568141937, 0.4537336826324463, 0.4376850724220276, 0.4683082699775696, 0.39370861649513245, 0.43461278080940247, 0.4891505539417267, 0.44932830333709717, 0.47188714146614075, 0.5268757343292236, 0.4135547876358032, 0.43102067708969116, 0.45259565114974976, 0.4632342755794525, 0.5021578073501587, 0.43405988812446594, 0.7083271741867065], "Layer1": [0.35215461254119873, 0.5787069201469421, 0.5001481771469116, 0.6863396167755127, 0.8235278129577637, 0.6259170770645142, 0.6697592735290527, 0.6391339302062988, 0.7980085015296936, 0.7780053615570068, 0.5963371992111206, 0.8072162866592407, 0.8079035878181458, 0.5668933391571045, 0.7835792303085327, 0.7110227346420288, 0.7278883457183838, 0.7415858507156372, 0.7985337376594543, 0.861512303352356], "Layer2": [0.360298752784729, 0.578803539276123, 0.5014505386352539, 0.8881537914276123, 0.9572454690933228, 0.671891450881958, 0.7702082991600037, 0.6916773915290833, 0.9142525792121887, 0.9448520541191101, 0.5995256304740906, 0.8236749768257141, 0.9979749917984009, 0.5834691524505615, 0.8101964592933655, 0.9962430000305176, 0.753724992275238, 0.7560224533081055, 0.9186702966690063, 0.8993586897850037], "Layer3": [0.6969338655471802, 0.6112520098686218, 0.5150733590126038, 0.9994758367538452, 0.961139976978302, 0.6723352670669556, 0.8735285401344299, 0.914739191532135, 0.9489046931266785, 0.9846201539039612, 0.6173143982887268, 0.8328946828842163, 0.9999219179153442, 0.6762897968292236, 0.8121135234832764, 0.9996516704559326, 0.8529815077781677, 0.7625550031661987, 0.9904231429100037, 0.9459807276725769], "Layer4": [0.7305894494056702, 0.6144816279411316, 0.5346232652664185, 0.9997254014015198, 0.987411618232727, 0.6724165678024292, 0.999930739402771, 0.9166814684867859, 0.9506567120552063, 0.9999761581420898, 0.6199934482574463, 0.8418715000152588, 0.9999983310699463, 0.7246774435043335, 0.8189597725868225, 0.9999514222145081, 0.8704745769500732, 0.8141147494316101, 0.9997510313987732, 0.9480335116386414], "Layer5": [0.7311152219772339, 0.9872440695762634, 0.5350484848022461, 0.9997336268424988, 0.99991774559021, 0.6771205067634583, 0.99993497133255, 0.9997125267982483, 0.9532022476196289, 0.9999840259552002, 0.7473925948143005, 0.8749138116836548, 0.9999985694885254, 0.9959014654159546, 0.81931471824646, 0.9999961853027344, 0.9190273880958557, 0.844613254070282, 0.9997907280921936, 0.9988609552383423], "Layer6": [0.7479386925697327, 0.9961714148521423, 0.5632284283638, 0.9999305605888367, 0.9999579191207886, 0.8189950585365295, 0.9999634623527527, 0.9997243881225586, 0.9545488953590393, 0.9999998807907104, 0.7555789947509766, 0.9444082975387573, 0.999999463558197, 0.9980213046073914, 0.925215482711792, 0.9999972581863403, 0.9466230273246765, 0.8824360370635986, 0.9999760389328003, 0.9993044137954712], "Layer7": [0.7516776919364929, 0.996371865272522, 0.9786981344223022, 0.9999391436576843, 0.9999666213989258, 0.9952579140663147, 0.9999634623527527, 0.9997333288192749, 0.9999759793281555, 0.9999998807907104, 0.9972166419029236, 0.9527671337127686, 0.999999463558197, 0.9981351494789124, 0.999701201915741, 0.9999972581863403, 0.991643488407135, 0.9438128471374512, 0.9999761581420898, 0.9999908208847046]}}