{"tokens": "16279890004 16279893004 16279896004 16279899004 16279902004 16279905004 16279908004 16279911004 16279914004 16279917004 16279920004 16279923004 16279926004 16279929004 16279932004 16279935004 16279938004 16279941004 16279944004 16279947004 16279950004 16279953004 16279956004 16279959004 16279962004 16279965004 16279968004 16279971004", "datas": {"Layer0": [0.14935636520385742, 0.2347753494977951, 0.4109819829463959, 0.31530022621154785, 0.3176214396953583, 0.4347372055053711, 0.4822181165218353, 0.3782998323440552, 0.453399121761322, 0.4289909899234772, 0.42266902327537537, 0.5535215139389038, 0.4176287353038788, 0.4831047058105469, 0.47701647877693176, 0.4263193905353546, 0.4647574722766876, 0.4311438798904419, 0.530283510684967, 0.5188220143318176, 0.5063602924346924, 0.4653443694114685, 0.5399007797241211, 0.42659541964530945, 0.5283316969871521, 0.4402329623699188, 0.7513842582702637], "Layer1": [0.5955487489700317, 0.5614386796951294, 0.6550540328025818, 0.6474553346633911, 0.6949470043182373, 0.6560258269309998, 0.7592886090278625, 0.6843420267105103, 0.7061014175415039, 0.7391984462738037, 0.6742395162582397, 0.8055801391601562, 0.7227582931518555, 0.7020455598831177, 0.679777979850769, 0.7231720685958862, 0.7372844219207764, 0.7613121271133423, 0.8088374733924866, 0.6354878544807434, 0.7349417209625244, 0.7945355772972107, 0.7190103530883789, 0.5850765705108643, 0.844835638999939, 0.7932040691375732, 0.8481082320213318], "Layer2": [0.6127833127975464, 0.5938887596130371, 0.7142890691757202, 0.9643310904502869, 0.8118444085121155, 0.6771388053894043, 0.8402953743934631, 0.7594873905181885, 0.7742362022399902, 0.8525171279907227, 0.7711794972419739, 0.9290939569473267, 0.9257044196128845, 0.7422420382499695, 0.6912419199943542, 0.778720498085022, 0.8673515319824219, 0.8537305593490601, 0.9796359539031982, 0.6412044167518616, 0.7389534115791321, 0.862034022808075, 0.7579758763313293, 0.6530983448028564, 0.9581934213638306, 0.9312452077865601, 0.8650472164154053], "Layer3": [0.6558328866958618, 0.7664837837219238, 0.9012705683708191, 0.9747838973999023, 0.8742803335189819, 0.7855873107910156, 0.9128439426422119, 0.8870378732681274, 0.8428987264633179, 0.9320610165596008, 0.8957268595695496, 0.959292471408844, 0.9774960279464722, 0.8636073470115662, 0.792551577091217, 0.8191432356834412, 0.9457978010177612, 0.9292818903923035, 0.9944108724594116, 0.717548668384552, 0.7743021845817566, 0.9587395787239075, 0.8716503977775574, 0.8247446417808533, 0.9778916239738464, 0.9518720507621765, 0.9894177913665771], "Layer4": [0.6725383400917053, 0.7907863855361938, 0.901322603225708, 0.9999868869781494, 0.8782863020896912, 0.785804271697998, 0.9999579191207886, 0.8875172734260559, 0.8603178262710571, 0.9995709657669067, 0.8958321213722229, 0.9593939185142517, 0.999997615814209, 0.8655193448066711, 0.7940675020217896, 0.9989688992500305, 0.9510645866394043, 0.9297506213188171, 0.9999948143959045, 0.7273226380348206, 0.8117875456809998, 0.9669126272201538, 0.9334112405776978, 0.9743843078613281, 0.9790892601013184, 0.9977641701698303, 0.9903979301452637], "Layer5": [0.6734750866889954, 0.9971948266029358, 0.9135090112686157, 0.9999868869781494, 0.9999996423721313, 0.7858116626739502, 0.9999671578407288, 0.9969240427017212, 0.8690372705459595, 0.9997698068618774, 0.8973168730735779, 0.9966017007827759, 0.999997615814209, 0.9999804496765137, 0.7941359281539917, 0.9990255832672119, 0.9999226927757263, 0.9301548004150391, 0.9999948143959045, 0.9999991655349731, 0.811797559261322, 0.9993740320205688, 0.9427406191825867, 0.9893864989280701, 0.9845111966133118, 0.999337911605835, 0.9956340789794922], "Layer6": [0.699882984161377, 0.997539758682251, 0.94541335105896, 0.9999898076057434, 0.9999998211860657, 0.8716238141059875, 0.9999850988388062, 0.998233437538147, 0.903077244758606, 0.9999756813049316, 0.9148548245429993, 0.9981796741485596, 0.9999988675117493, 0.9999844431877136, 0.9163808822631836, 0.9997726082801819, 0.999934196472168, 0.9447608590126038, 0.9999997615814209, 0.9999992251396179, 0.870328426361084, 0.9999456405639648, 0.9458932280540466, 0.9960222840309143, 0.9897265434265137, 0.999717652797699, 0.9989732503890991], "Layer7": [0.7046999335289001, 0.9975595474243164, 0.9988080263137817, 0.9999911189079285, 0.9999998211860657, 1.0, 0.9999850988388062, 0.9984245896339417, 0.9993222951889038, 0.9999756813049316, 0.9999436736106873, 0.9982429146766663, 0.999998927116394, 0.9999845623970032, 0.9999934434890747, 0.9997730851173401, 0.9999342560768127, 0.9999999403953552, 0.9999997615814209, 0.9999992251396179, 0.9999931454658508, 0.9999456405639648, 0.9999472498893738, 0.9960579872131348, 0.9997066855430603, 0.999718964099884, 0.9999992251396179]}}