{"tokens": "16277706004 16277709004 16277712004 16277757004 16277760004 16277763004 16277772004 16279362004 16279365004 16279368004 16279380004 16279383004 16279386004 16279389004 16279842004 16281576004 16281579004 16281582004 16281585004 16281618004 16281621004 16281624004 16281627004 16281630004 16281633004 16281636004 16281639004 16282434006", "datas": {"Layer0": [0.17266562581062317, 0.3847162127494812, 0.3605561852455139, 0.4559212327003479, 0.3813033401966095, 0.4786455035209656, 0.3118346631526947, 0.3502945005893707, 0.4113111197948456, 0.4356480538845062, 0.4865057170391083, 0.4683874547481537, 0.3876286745071411, 0.493714839220047, 0.475691556930542, 0.33514589071273804, 0.4655216634273529, 0.529606819152832, 0.5123823881149292, 0.4594494104385376, 0.4890531301498413, 0.5194761157035828, 0.411275178194046, 0.5000563859939575, 0.5427350401878357, 0.45604395866394043, 0.7278507947921753], "Layer1": [0.500603973865509, 0.6103019714355469, 0.49249476194381714, 0.7052323818206787, 0.7720311880111694, 0.6305258870124817, 0.6628085374832153, 0.7455195188522339, 0.7218682765960693, 0.6037496328353882, 0.7307695150375366, 0.8528270721435547, 0.6271153092384338, 0.5606928467750549, 0.7822660207748413, 0.7166688442230225, 0.7748951315879822, 0.7558072805404663, 0.6495506167411804, 0.7692002058029175, 0.6815122365951538, 0.7720478773117065, 0.7417186498641968, 0.7166492938995361, 0.8478652834892273, 0.7196881771087646, 0.8120068311691284], "Layer2": [0.51352459192276, 0.7009974718093872, 0.5093300342559814, 0.7272315621376038, 0.7904338240623474, 0.6623257994651794, 0.7167295813560486, 0.9821486473083496, 0.8150641918182373, 0.6154225468635559, 0.7781514525413513, 0.9923602342605591, 0.7090345621109009, 0.5680556893348694, 0.8910351991653442, 0.8837544918060303, 0.9182214736938477, 0.8279995918273926, 0.6841154098510742, 0.9677615165710449, 0.7076214551925659, 0.7884806394577026, 0.9027238488197327, 0.8940688967704773, 0.9372782707214355, 0.7687515616416931, 0.8382768630981445], "Layer3": [0.5340421199798584, 0.8727682828903198, 0.6910618543624878, 0.7703221440315247, 0.8195361495018005, 0.7133926153182983, 0.8619111776351929, 0.9962143301963806, 0.886613130569458, 0.6197581887245178, 0.8136830925941467, 0.9985178709030151, 0.7802159190177917, 0.599642276763916, 0.9962247014045715, 0.8978533148765564, 0.9848201274871826, 0.8844627141952515, 0.7239118814468384, 0.9953831434249878, 0.8011124134063721, 0.8081598281860352, 0.9571153521537781, 0.9249475002288818, 0.98664391040802, 0.7789688110351562, 0.9994590282440186], "Layer4": [0.5477888584136963, 0.9907872080802917, 0.7618971467018127, 0.820254385471344, 0.8265177607536316, 0.7323502898216248, 0.9948343634605408, 0.99712735414505, 0.9291435480117798, 0.6218613386154175, 0.8418103456497192, 0.9999363422393799, 0.8150390982627869, 0.6580212116241455, 0.9999070763587952, 0.8979264497756958, 0.999998152256012, 0.8860200047492981, 0.726797342300415, 0.9999859929084778, 0.8122684955596924, 0.8355732560157776, 0.9840911030769348, 0.9671050906181335, 0.9956479668617249, 0.7800074219703674, 0.9999984502792358], "Layer5": [0.5528253316879272, 0.9941774010658264, 0.8642671704292297, 0.8521515727043152, 0.8671895861625671, 0.9785231947898865, 0.9963523149490356, 0.9973790645599365, 0.986923098564148, 0.6218799948692322, 0.9981622695922852, 0.9999451041221619, 0.8857340812683105, 0.6911503076553345, 0.9999118447303772, 0.9346548914909363, 0.9999982714653015, 0.99965500831604, 0.7268059849739075, 0.9999887347221375, 0.9963776469230652, 0.835688591003418, 0.9982328414916992, 0.9746782183647156, 0.9993931651115417, 0.7812438607215881, 1.0], "Layer6": [0.6670976877212524, 0.9950178265571594, 0.912507176399231, 0.9197460412979126, 0.9286098480224609, 0.993813693523407, 0.9979454278945923, 0.9980051517486572, 0.989991307258606, 0.7392573952674866, 0.9994857907295227, 0.9999473094940186, 0.9697961807250977, 0.7611176371574402, 0.9999929070472717, 0.9475340247154236, 0.9999986290931702, 0.9999275803565979, 0.7996233701705933, 0.9999955892562866, 0.9977530837059021, 0.9233968257904053, 0.9988598227500916, 0.9842823147773743, 0.9998180270195007, 0.8343274593353271, 1.0], "Layer7": [0.6677811741828918, 0.9962894916534424, 0.9635354280471802, 0.9636542797088623, 0.9483892917633057, 0.9950129389762878, 0.9992773532867432, 0.9994529485702515, 0.9900338649749756, 0.9999588131904602, 0.9994859099388123, 0.9999954104423523, 0.9730374813079834, 0.8765472173690796, 0.999998152256012, 0.9745399951934814, 0.9999986886978149, 0.9999275803565979, 0.9999998211860657, 0.9999955892562866, 0.9978219270706177, 0.9999306797981262, 0.9988673329353333, 0.9995322227478027, 0.999819815158844, 0.9855335354804993, 1.0]}}