{"tokens": "16279161007 16280580007 16280583007 16280586007 16280589007 16280592007 16280595007 16280598007 16280601007 16280604007 16280607007 16280610007 16280649007 16280652007 16280655007 16280658007 16280661007 16280664007 16280685007 16280688007 16280691007 16280694007 16280697007 16280871007 16280874007 16280877007 16280880007 16280883007 16280886007", "datas": {"Layer0": [0.13677601516246796, 0.19432148337364197, 0.17488344013690948, 0.27129697799682617, 0.37629398703575134, 0.3901701271533966, 0.33259913325309753, 0.35155344009399414, 0.428643137216568, 0.4248855710029602, 0.3899523615837097, 0.4199172556400299, 0.4246598184108734, 0.47043800354003906, 0.3886326849460602, 0.4855666756629944, 0.402967631816864, 0.4443586468696594, 0.48557665944099426, 0.4991406500339508, 0.5352110862731934, 0.49552467465400696, 0.41010111570358276, 0.5689141154289246, 0.45050475001335144, 0.506826639175415, 0.5198321342468262, 0.6615796089172363], "Layer1": [0.4433865547180176, 0.6035001873970032, 0.49005982279777527, 0.6571533679962158, 0.6823554039001465, 0.6191731691360474, 0.699621856212616, 0.6781296730041504, 0.6792608499526978, 0.7600805163383484, 0.7324546575546265, 0.5792543888092041, 0.7408020496368408, 0.7523377537727356, 0.7284592986106873, 0.7228555083274841, 0.7317996621131897, 0.6649823188781738, 0.7823286056518555, 0.7230419516563416, 0.7664333581924438, 0.7268310785293579, 0.6818409562110901, 0.79808509349823, 0.7550632953643799, 0.7519553899765015, 0.7311545014381409, 0.904056191444397], "Layer2": [0.46611979603767395, 0.8344211578369141, 0.6321935057640076, 0.840434730052948, 0.8836082220077515, 0.7005587220191956, 0.76540207862854, 0.9474813342094421, 0.831984281539917, 0.8079198598861694, 0.889850378036499, 0.6798627972602844, 0.8170276284217834, 0.887112021446228, 0.9430959224700928, 0.7944634556770325, 0.7862750887870789, 0.7150145173072815, 0.8776813745498657, 0.9163299202919006, 0.7822735905647278, 0.7814865708351135, 0.9281877279281616, 0.8236724734306335, 0.7979517579078674, 0.9677873253822327, 0.8413246870040894, 0.9499695301055908], "Layer3": [0.9202378988265991, 0.8584046363830566, 0.6571896076202393, 0.8952195048332214, 0.9290321469306946, 0.7292293310165405, 0.8316980600357056, 0.9912716150283813, 0.9129451513290405, 0.827399492263794, 0.9512925744056702, 0.9135373830795288, 0.8371624946594238, 0.923612654209137, 0.9735740423202515, 0.8768442273139954, 0.9239641427993774, 0.8236520290374756, 0.9475850462913513, 0.9701651334762573, 0.8304927945137024, 0.8392518758773804, 0.9957006573677063, 0.8482944965362549, 0.8035829067230225, 0.9790180921554565, 0.9868032932281494, 0.9603100419044495], "Layer4": [0.9985510110855103, 0.8615581393241882, 0.6678243279457092, 0.9327399134635925, 0.9946721196174622, 0.7501301765441895, 0.8330556750297546, 0.9956353902816772, 0.9883081912994385, 0.8294492363929749, 0.9551072716712952, 0.9830026626586914, 0.8693171739578247, 0.9948301911354065, 0.9744084477424622, 0.9763869643211365, 0.966468334197998, 0.8250395655632019, 0.9907379746437073, 0.9869179129600525, 0.8334609270095825, 0.8913807272911072, 0.9997348189353943, 0.8518081903457642, 0.8098910450935364, 0.9962790608406067, 0.9942119121551514, 0.9642035365104675], "Layer5": [0.9985544681549072, 0.8728967308998108, 0.945534884929657, 0.9631460905075073, 0.9948693513870239, 0.9495819807052612, 0.8958569765090942, 0.9962767958641052, 0.9997854828834534, 0.830051064491272, 0.9863873720169067, 0.9916502237319946, 0.9079766869544983, 0.9973963499069214, 0.9850428700447083, 0.9815824627876282, 0.9988079071044922, 0.8283757567405701, 0.9976077079772949, 0.9953010678291321, 0.8374265432357788, 0.9880495667457581, 0.9997729659080505, 0.9873276948928833, 0.8112252950668335, 0.9977452754974365, 0.9995284676551819, 0.9652855396270752], "Layer6": [0.9989753365516663, 0.9128221273422241, 0.951835572719574, 0.9712812304496765, 0.9995138645172119, 0.9587083458900452, 0.9743845462799072, 0.9974246025085449, 0.9998319149017334, 0.9207130670547485, 0.9951204061508179, 0.9959760904312134, 0.9388212561607361, 0.9989575147628784, 0.9925898313522339, 0.9861600399017334, 0.9996381402015686, 0.8933229446411133, 0.9988132119178772, 0.9987179636955261, 0.8639165759086609, 0.9920163750648499, 0.999976634979248, 0.9895346164703369, 0.9057732820510864, 0.9991916418075562, 0.9996187090873718, 0.9971277713775635], "Layer7": [0.9990344047546387, 0.9308541417121887, 0.984261691570282, 0.9920336008071899, 0.9995158314704895, 0.9833728075027466, 0.9900590777397156, 0.9990189075469971, 0.9998323917388916, 0.9997690320014954, 0.9953693151473999, 0.9972190260887146, 0.9914228916168213, 0.9991174340248108, 0.9958913326263428, 0.9980356693267822, 0.9996392726898193, 0.9995858073234558, 0.9989064335823059, 0.9987257719039917, 0.9954456686973572, 0.9940393567085266, 0.9999773502349854, 0.9903535842895508, 0.9996633529663086, 0.9991941452026367, 0.9996629357337952, 0.9999802708625793]}}