{"tokens": "16278246004 16278270004 16278273004 16278276004 16278279004 16279020008 16279023008 16279026008 16279029008 16279032008 16279035008 16279038008 16279041008 16279044008 16279047008 16279050008 16279053008 16279056008 16279059008 16279062008 16279065008 16279068008 16279071008 16279074008 16279077008 16279080008 16279083008 16281657006 16281702006", "datas": {"Layer0": [0.15975701808929443, 0.3287963271141052, 0.33910003304481506, 0.31830358505249023, 0.3360714316368103, 0.49344930052757263, 0.44603317975997925, 0.3753824532032013, 0.38659387826919556, 0.47307416796684265, 0.4003140926361084, 0.4919693171977997, 0.41817760467529297, 0.43824368715286255, 0.5064249634742737, 0.45799708366394043, 0.4339129626750946, 0.4713706076145172, 0.4796208143234253, 0.4842725694179535, 0.4649587869644165, 0.5434015989303589, 0.4793620705604553, 0.45866474509239197, 0.5811211466789246, 0.4286721646785736, 0.5284237861633301, 0.6684364676475525], "Layer1": [0.25082993507385254, 0.7661392688751221, 0.6936862468719482, 0.7145458459854126, 0.5141796469688416, 0.7015335559844971, 0.766301691532135, 0.6698341965675354, 0.7335667610168457, 0.7042900323867798, 0.766102135181427, 0.6529241800308228, 0.713106632232666, 0.7454055547714233, 0.7432921528816223, 0.7643582820892334, 0.6849616765975952, 0.712525486946106, 0.790019154548645, 0.6736573576927185, 0.7084789872169495, 0.8091107606887817, 0.7227726578712463, 0.723391592502594, 0.7836495041847229, 0.8302025198936462, 0.6825071573257446, 0.6912713050842285], "Layer2": [0.25464314222335815, 0.7907402515411377, 0.8424249291419983, 0.9293186068534851, 0.5344764590263367, 0.76055508852005, 0.9641615152359009, 0.7819361686706543, 0.7722356915473938, 0.8177542686462402, 0.9805015325546265, 0.67630934715271, 0.7346680760383606, 0.8352205753326416, 0.9670583009719849, 0.8246203660964966, 0.8217044472694397, 0.9347823858261108, 0.831140398979187, 0.6873785853385925, 0.8017479181289673, 0.8943209052085876, 0.9531324505805969, 0.8146954774856567, 0.789602518081665, 0.994765043258667, 0.7083578705787659, 0.6913459300994873], "Layer3": [0.38320469856262207, 0.8456927537918091, 0.9293227791786194, 0.9623497128486633, 0.6251364946365356, 0.8603665232658386, 0.9878352880477905, 0.9034009575843811, 0.802561342716217, 0.8773359060287476, 0.9987977147102356, 0.6962102651596069, 0.7538281083106995, 0.9396194815635681, 0.986518144607544, 0.9004524946212769, 0.8557054996490479, 0.9956357479095459, 0.8732098937034607, 0.7026543617248535, 0.8597166538238525, 0.9709656238555908, 0.9751021862030029, 0.9401640295982361, 0.8017057180404663, 0.9948887825012207, 0.9780406951904297, 0.8086361885070801], "Layer4": [0.46910566091537476, 0.8785943388938904, 0.9855287671089172, 0.9688114523887634, 0.88044273853302, 0.862141489982605, 0.998496413230896, 0.9497546553611755, 0.8032535910606384, 0.8798099160194397, 0.9999992847442627, 0.7035064101219177, 0.7819328904151917, 0.9531389474868774, 0.9996102452278137, 0.9058946967124939, 0.8593130111694336, 0.9999943375587463, 0.8757045865058899, 0.7101618647575378, 0.9989667534828186, 0.9734321236610413, 0.9781011939048767, 0.99903804063797, 0.804224967956543, 0.9955023527145386, 0.9997143149375916, 0.8094955682754517], "Layer5": [0.4691745936870575, 0.917746365070343, 0.9883286356925964, 0.9976598620414734, 0.9033311605453491, 0.9628448486328125, 0.9985392689704895, 0.9998565316200256, 0.8032598495483398, 0.9999539852142334, 0.9999992847442627, 0.998881459236145, 0.7819649577140808, 0.9994393587112427, 0.9996408224105835, 0.9829449653625488, 0.8980366587638855, 0.9999951124191284, 0.9940589666366577, 0.7166354060173035, 0.9990203976631165, 0.9998877644538879, 0.9790993928909302, 0.9995870590209961, 0.8141160607337952, 0.9970115423202515, 0.9999833106994629, 0.8105446696281433], "Layer6": [0.5915532112121582, 0.9195060133934021, 0.9926131963729858, 0.9991563558578491, 0.932464599609375, 0.9958081841468811, 0.9988130331039429, 0.9999021291732788, 0.8560411334037781, 0.9999825358390808, 0.9999995231628418, 0.9990643262863159, 0.967403769493103, 0.9996968507766724, 0.9996762275695801, 0.9980577826499939, 0.9266862273216248, 0.9999967217445374, 0.9981805682182312, 0.8274695873260498, 0.999748170375824, 0.9999111890792847, 0.981970489025116, 0.9999524354934692, 0.8219603896141052, 0.9984715580940247, 0.9999946355819702, 0.929775059223175], "Layer7": [0.6027288436889648, 0.9935057759284973, 0.9931209087371826, 0.9991949796676636, 0.9988483786582947, 0.996024489402771, 0.9999408721923828, 0.9999021291732788, 0.999999463558197, 0.9999825358390808, 0.9999995231628418, 0.9991379380226135, 0.9998807907104492, 0.9996973276138306, 0.9999991059303284, 0.9980657696723938, 0.9987841844558716, 0.9999972581863403, 0.9981907606124878, 0.9997776746749878, 0.9997575879096985, 0.9999146461486816, 0.9999632835388184, 0.9999524354934692, 0.9965975284576416, 0.9985188841819763, 0.9999954700469971, 0.9991256594657898]}}