{"tokens": "16279020008 16279023008 16279026008 16279029008 16279032008 16279035008 16279038008 16279041008 16279044008 16279047008 16279050008 16279053008 16279056008 16279059008 16279062008 16279065008 16279068008 16279071008 16279074008 16279077008 16279080008 16279083008 16281657006 16281702006", "datas": {"Layer0": [0.14123094081878662, 0.2236212193965912, 0.34249019622802734, 0.4049462676048279, 0.36732348799705505, 0.5156310796737671, 0.4969383776187897, 0.3400559723377228, 0.39645904302597046, 0.42047929763793945, 0.44467079639434814, 0.47093871235847473, 0.4369470775127411, 0.4182771146297455, 0.4391040802001953, 0.4487782418727875, 0.46277856826782227, 0.4756564199924469, 0.54864102602005, 0.509870171546936, 0.46284234523773193, 0.4525987207889557, 0.6741397380828857], "Layer1": [0.47322317957878113, 0.6186965107917786, 0.6551564931869507, 0.7237381935119629, 0.6317488551139832, 0.7838821411132812, 0.6817634105682373, 0.6270982027053833, 0.7445236444473267, 0.722248911857605, 0.7087389230728149, 0.7081431150436401, 0.716274619102478, 0.7839096188545227, 0.6656188368797302, 0.6886464357376099, 0.7821850180625916, 0.7016594409942627, 0.7856255173683167, 0.6778677701950073, 0.8791103363037109, 0.6282482743263245, 0.7012473344802856], "Layer2": [0.5193169713020325, 0.7577162981033325, 0.6954642534255981, 0.7479941248893738, 0.7986795902252197, 0.9714171290397644, 0.7001100182533264, 0.6494957208633423, 0.8922266960144043, 0.9176035523414612, 0.7896204590797424, 0.8277651071548462, 0.9503050446510315, 0.8506826758384705, 0.6930533647537231, 0.8699900507926941, 0.9491580724716187, 0.7788001298904419, 0.7987039685249329, 0.6800930500030518, 0.9772968888282776, 0.8425565958023071, 0.7015137672424316], "Layer3": [0.6298344135284424, 0.884476363658905, 0.8076792359352112, 0.7810823917388916, 0.8596483469009399, 0.998234212398529, 0.7343961596488953, 0.6914548277854919, 0.9645320773124695, 0.9706070423126221, 0.8578871488571167, 0.8692784309387207, 0.9955815076828003, 0.8826262950897217, 0.7043548822402954, 0.900943398475647, 0.9838816523551941, 0.8811947107315063, 0.9505175948143005, 0.6893242001533508, 0.9782748818397522, 0.9976320266723633, 0.7513821721076965], "Layer4": [0.6310006976127625, 0.9928886294364929, 0.8710391521453857, 0.7817972898483276, 0.861718475818634, 0.9999990463256836, 0.7413496375083923, 0.7251176834106445, 0.9733251333236694, 0.9989668130874634, 0.8642103672027588, 0.8734438419342041, 0.9999924898147583, 0.8850977420806885, 0.7201845645904541, 0.9994284510612488, 0.9848532676696777, 0.8953675031661987, 0.9991563558578491, 0.6912230849266052, 0.9813085794448853, 0.9999720454216003, 0.7524994611740112], "Layer5": [0.6348130106925964, 0.9929931163787842, 0.9996970891952515, 0.7818042635917664, 0.9999725818634033, 0.9999990463256836, 0.9992696046829224, 0.7251718640327454, 0.9997175931930542, 0.9990225434303284, 0.9849331378936768, 0.9049909710884094, 0.999994158744812, 0.9874703288078308, 0.7251120209693909, 0.999454140663147, 0.9999282360076904, 0.9014426469802856, 0.9997265338897705, 0.696742594242096, 0.9852501153945923, 0.9999993443489075, 0.7533092498779297], "Layer6": [0.6705026626586914, 0.9935702085494995, 0.999783456325531, 0.848210871219635, 0.9999864101409912, 0.999999463558197, 0.9994097352027893, 0.9650416374206543, 0.9998345971107483, 0.9991405606269836, 0.9983591437339783, 0.9256376624107361, 0.999996542930603, 0.9954603910446167, 0.8297909498214722, 0.9998760223388672, 0.999941885471344, 0.910866916179657, 0.999975860118866, 0.7085375189781189, 0.9930040836334229, 0.9999998211860657, 0.8933101892471313], "Layer7": [0.6713075637817383, 0.9998869895935059, 0.9997835159301758, 0.9999992251396179, 0.9999864101409912, 0.999999463558197, 0.9994439482688904, 0.9999266862869263, 0.9998347759246826, 0.9999982118606567, 0.9983641505241394, 0.9988363981246948, 0.999997079372406, 0.9954809546470642, 0.9998055696487427, 0.9998799562454224, 0.9999457597732544, 0.9995928406715393, 0.999975860118866, 0.9982964992523193, 0.993089497089386, 0.9999998211860657, 0.9985150694847107]}}